id,no_jobs,no_machines,objective,type,pt_sd,mean_sd_per_machine,mean_sd_per_job,mean_skew_per_machine,mean_skew_per_job,mean_kurt_per_machine,mean_kurt_per_job
2,50,20,FLOWTIME,NOIDLE,25.184737221679885,25.000776298683192,24.658281505592015,0.8276174664512417,0.6582686640651343,-0.5876315503669984,0.4234869033535687
3,50,20,FLOWTIME,NOWAIT,25.184737221679885,25.000776298683192,24.658281505592015,0.8276174664512417,0.6582686640651343,-0.5110631276867812,-0.5461693855041653
4,50,20,FLOWTIME,NOWAIT,25.184737221679885,25.000776298683192,24.658281505592015,0.8276174664512417,0.6582686640651343,-0.4393479244518346,-0.7424613870983423
6,50,20,FLOWTIME,PERM,25.184737221679885,25.000776298683192,24.658281505592015,0.8276174664512417,0.6582686640651343,-0.7107594516257983,-0.37318665987761146
8,50,20,MAKESPAN,NOIDLE,25.184737221679885,25.000776298683192,24.658281505592015,0.8276174664512417,0.6582686640651343,-0.9162551026104863,-0.15106646152373007
9,50,20,MAKESPAN,NOWAIT,25.184737221679885,25.000776298683192,24.658281505592015,0.8276174664512417,0.6582686640651343,-0.4969096840151256,-0.4414195014642633
10,50,20,MAKESPAN,NOWAIT,25.184737221679885,25.000776298683192,24.658281505592015,0.8276174664512417,0.6582686640651343,-1.061851118642849,-0.03799304126616086
11,50,20,MAKESPAN,PERM,25.184737221679885,25.000776298683192,24.658281505592015,0.8276174664512417,0.6582686640651343,-0.8977792005771827,-0.4633366960082703
12,50,20,MAKESPAN,PERM,25.184737221679885,25.000776298683192,24.658281505592015,0.8276174664512417,0.6582686640651343,-0.3417271907959257,-0.13586290219017444
13,100,20,FLOWTIME,NOIDLE,25.10070071891848,25.01694258203403,24.53559760044916,0.9174014718140487,0.6364121954187857,-0.6880529874402421,0.3209115607169524
14,100,20,FLOWTIME,NOIDLE,25.10070071891848,25.01694258203403,24.53559760044916,0.9174014718140487,0.6364121954187857,-0.6681869428885062,0.02568771026209334
16,100,20,FLOWTIME,NOWAIT,25.10070071891848,25.01694258203403,24.53559760044916,0.9174014718140487,0.6364121954187857,-0.21923447560195988,-0.17384129426877648
17,100,20,FLOWTIME,PERM,25.10070071891848,25.01694258203403,24.53559760044916,0.9174014718140487,0.6364121954187857,-0.16328181112563592,-0.8718324650278497
20,100,20,MAKESPAN,NOIDLE,25.10070071891848,25.01694258203403,24.53559760044916,0.9174014718140487,0.6364121954187857,-0.24833742016727806,-0.4300665233218335
21,100,20,MAKESPAN,NOWAIT,25.10070071891848,25.01694258203403,24.53559760044916,0.9174014718140487,0.6364121954187857,-0.24467792219242632,0.22618541856496924
23,100,20,MAKESPAN,PERM,25.10070071891848,25.01694258203403,24.53559760044916,0.9174014718140487,0.6364121954187857,-0.42021352843005566,-0.5034481757986543
24,100,20,MAKESPAN,PERM,25.10070071891848,25.01694258203403,24.53559760044916,0.9174014718140487,0.6364121954187857,-0.5068839679845102,-1.5107872746049824
25,100,40,FLOWTIME,NOIDLE,25.010095910350476,24.92459740780525,24.774685877912646,0.9065154619824117,0.7992206326095754,-0.2260948153080358,-0.8068520455062747
26,100,40,FLOWTIME,NOIDLE,25.010095910350476,24.92459740780525,24.774685877912646,0.9065154619824117,0.7992206326095754,-0.31806591640937787,-0.6772482481585481
27,100,40,FLOWTIME,NOWAIT,25.010095910350476,24.92459740780525,24.774685877912646,0.9065154619824117,0.7992206326095754,-0.7308835343301484,-0.5827203360537628
28,100,40,FLOWTIME,NOWAIT,25.010095910350476,24.92459740780525,24.774685877912646,0.9065154619824117,0.7992206326095754,-0.5954390403525935,-0.36473584732530373
29,100,40,FLOWTIME,PERM,25.010095910350476,24.92459740780525,24.774685877912646,0.9065154619824117,0.7992206326095754,0.283605979981043,-0.1915335045070666
30,100,40,FLOWTIME,PERM,25.010095910350476,24.92459740780525,24.774685877912646,0.9065154619824117,0.7992206326095754,0.0624413622056243,-0.5612049692639965
31,100,40,MAKESPAN,NOIDLE,25.010095910350476,24.92459740780525,24.774685877912646,0.9065154619824117,0.7992206326095754,0.0028075124439894935,-1.3870962544198207
32,100,40,MAKESPAN,NOIDLE,25.010095910350476,24.92459740780525,24.774685877912646,0.9065154619824117,0.7992206326095754,-0.407403723087635,-0.14839316210625714
33,100,40,MAKESPAN,NOWAIT,25.010095910350476,24.92459740780525,24.774685877912646,0.9065154619824117,0.7992206326095754,-0.4681873507666251,-0.6570810408086571
36,100,40,MAKESPAN,PERM,25.010095910350476,24.92459740780525,24.774685877912646,0.9065154619824117,0.7992206326095754,-0.24136653243494002,0.3476874291209195
37,200,20,FLOWTIME,NOIDLE,24.95450970738716,24.90424833622539,24.395634684809092,0.944561209244267,0.6392280480478675,-0.7762317769980497,0.22959225650519374
38,200,20,FLOWTIME,NOIDLE,24.95450970738716,24.90424833622539,24.395634684809092,0.944561209244267,0.6392280480478675,-0.4604857170146539,-0.1212200715856791
39,200,20,FLOWTIME,NOWAIT,24.95450970738716,24.90424833622539,24.395634684809092,0.944561209244267,0.6392280480478675,-0.3480497690073209,0.7940864389093417
40,200,20,FLOWTIME,NOWAIT,24.95450970738716,24.90424833622539,24.395634684809092,0.944561209244267,0.6392280480478675,-0.015937474880909443,-0.30363809367927963
41,200,20,FLOWTIME,PERM,24.95450970738716,24.90424833622539,24.395634684809092,0.944561209244267,0.6392280480478675,-0.14857305770071477,-0.39879889669506513
42,200,20,FLOWTIME,PERM,24.95450970738716,24.90424833622539,24.395634684809092,0.944561209244267,0.6392280480478675,-0.5882501471631136,-0.7435202711417981
43,200,20,MAKESPAN,NOIDLE,24.95450970738716,24.90424833622539,24.395634684809092,0.944561209244267,0.6392280480478675,-0.3373371532872572,-0.7565965601114879
44,200,20,MAKESPAN,NOIDLE,24.95450970738716,24.90424833622539,24.395634684809092,0.944561209244267,0.6392280480478675,-1.1967179681485858,-0.8336421252817009
46,200,20,MAKESPAN,NOWAIT,24.95450970738716,24.90424833622539,24.395634684809092,0.944561209244267,0.6392280480478675,-0.16872027241316553,-0.7038601995028321
48,200,20,MAKESPAN,PERM,24.95450970738716,24.90424833622539,24.395634684809092,0.944561209244267,0.6392280480478675,-0.003572636756688311,-0.18161564604429892
50,200,40,FLOWTIME,NOIDLE,25.029421288083764,24.986703647590087,24.783800890290646,0.9479347163967126,0.8033991976829901,-0.3978627073228334,-0.4919608352329122
51,200,40,FLOWTIME,NOWAIT,25.029421288083764,24.986703647590087,24.783800890290646,0.9479347163967126,0.8033991976829901,-0.863289901338987,-0.48512107882743744
53,200,40,FLOWTIME,PERM,25.029421288083764,24.986703647590087,24.783800890290646,0.9479347163967126,0.8033991976829901,-0.523177891939771,-0.24825744819776005
54,200,40,FLOWTIME,PERM,25.029421288083764,24.986703647590087,24.783800890290646,0.9479347163967126,0.8033991976829901,-0.03634732341887021,-0.80533102285586
55,200,40,MAKESPAN,NOIDLE,25.029421288083764,24.986703647590087,24.783800890290646,0.9479347163967126,0.8033991976829901,0.2070276753525605,1.020364048739328
57,200,40,MAKESPAN,NOWAIT,25.029421288083764,24.986703647590087,24.783800890290646,0.9479347163967126,0.8033991976829901,-0.43602997926976905,0.2171597715837605
58,200,40,MAKESPAN,NOWAIT,25.029421288083764,24.986703647590087,24.783800890290646,0.9479347163967126,0.8033991976829901,0.021117245266144925,0.20030252957301065
59,200,40,MAKESPAN,PERM,25.029421288083764,24.986703647590087,24.783800890290646,0.9479347163967126,0.8033991976829901,-0.548434849245997,-0.22009089721138064
61,50,20,FLOWTIME,NOIDLE,50.987398792725244,50.18318457557856,49.02070537397034,1.6351965407661748,1.2452477221513507,-0.3786885203367254,-0.6282910363412216
62,50,20,FLOWTIME,NOIDLE,50.987398792725244,50.18318457557856,49.02070537397034,1.6351965407661748,1.2452477221513507,-0.5926264520486428,0.49722875942326616
64,50,20,FLOWTIME,NOWAIT,50.987398792725244,50.18318457557856,49.02070537397034,1.6351965407661748,1.2452477221513507,-0.16962501807539498,-0.05128635376580606
65,50,20,FLOWTIME,PERM,50.987398792725244,50.18318457557856,49.02070537397034,1.6351965407661748,1.2452477221513507,-0.5377715717746071,-0.30098108237549615
66,50,20,FLOWTIME,PERM,50.987398792725244,50.18318457557856,49.02070537397034,1.6351965407661748,1.2452477221513507,-0.2890517673482073,-0.6356530413579874
67,50,20,MAKESPAN,NOIDLE,50.987398792725244,50.18318457557856,49.02070537397034,1.6351965407661748,1.2452477221513507,0.08099713886152639,-0.5805601075229294
68,50,20,MAKESPAN,NOIDLE,50.987398792725244,50.18318457557856,49.02070537397034,1.6351965407661748,1.2452477221513507,-0.6616556468975602,-0.14965336958593894
69,50,20,MAKESPAN,NOWAIT,50.987398792725244,50.18318457557856,49.02070537397034,1.6351965407661748,1.2452477221513507,-0.13536536345728162,-0.5681795095116314
70,50,20,MAKESPAN,NOWAIT,50.987398792725244,50.18318457557856,49.02070537397034,1.6351965407661748,1.2452477221513507,-1.3494860079781645,0.4897358531349107
72,50,20,MAKESPAN,PERM,50.987398792725244,50.18318457557856,49.02070537397034,1.6351965407661748,1.2452477221513507,-0.8150031828265789,-0.18469437323581275
73,100,20,FLOWTIME,NOIDLE,50.07618411442162,49.69103680109984,48.05098006209887,1.7405294442429828,1.213206472786518,-0.768973532470701,-0.4278471218022917
74,100,20,FLOWTIME,NOIDLE,50.07618411442162,49.69103680109984,48.05098006209887,1.7405294442429828,1.213206472786518,-0.3110671336223742,-0.3136181038629376
75,100,20,FLOWTIME,NOWAIT,50.07618411442162,49.69103680109984,48.05098006209887,1.7405294442429828,1.213206472786518,0.6124092892703287,0.14355781156341646
77,100,20,FLOWTIME,PERM,50.07618411442162,49.69103680109984,48.05098006209887,1.7405294442429828,1.213206472786518,0.3113638270312077,0.1646691979459056
78,100,20,FLOWTIME,PERM,50.07618411442162,49.69103680109984,48.05098006209887,1.7405294442429828,1.213206472786518,-0.3058707181392558,-0.7463103748961357
79,100,20,MAKESPAN,NOIDLE,50.07618411442162,49.69103680109984,48.05098006209887,1.7405294442429828,1.213206472786518,-0.5942069535126129,-0.18460921811858477
81,100,20,MAKESPAN,NOWAIT,50.07618411442162,49.69103680109984,48.05098006209887,1.7405294442429828,1.213206472786518,-0.2750619455183415,-0.06068477360669683
83,100,20,MAKESPAN,PERM,50.07618411442162,49.69103680109984,48.05098006209887,1.7405294442429828,1.213206472786518,-0.2784235114859318,-0.42572150698662226
84,100,20,MAKESPAN,PERM,50.07618411442162,49.69103680109984,48.05098006209887,1.7405294442429828,1.213206472786518,-0.21121706856896463,-0.2303396818066204
86,100,40,FLOWTIME,NOIDLE,50.19735836538463,49.69191630422358,49.109043257552855,1.7635875451724348,1.5327873035415043,-0.9223973631168159,0.2526928918130204
87,100,40,FLOWTIME,NOWAIT,50.19735836538463,49.69191630422358,49.109043257552855,1.7635875451724348,1.5327873035415043,-0.2909283252473578,-0.5790535837059707
88,100,40,FLOWTIME,NOWAIT,50.19735836538463,49.69191630422358,49.109043257552855,1.7635875451724348,1.5327873035415043,0.04075388224697933,0.3584662079876714
89,100,40,FLOWTIME,PERM,50.19735836538463,49.69191630422358,49.109043257552855,1.7635875451724348,1.5327873035415043,-0.5297073148646052,-0.05827311351354437
90,100,40,FLOWTIME,PERM,50.19735836538463,49.69191630422358,49.109043257552855,1.7635875451724348,1.5327873035415043,0.3741023751541881,-0.24761919302056762
92,100,40,MAKESPAN,NOIDLE,50.19735836538463,49.69191630422358,49.109043257552855,1.7635875451724348,1.5327873035415043,-0.23483484013429318,-0.17226667996832296
93,100,40,MAKESPAN,NOWAIT,50.19735836538463,49.69191630422358,49.109043257552855,1.7635875451724348,1.5327873035415043,-0.3047827717607216,-0.1960483120945416
95,100,40,MAKESPAN,PERM,50.19735836538463,49.69191630422358,49.109043257552855,1.7635875451724348,1.5327873035415043,0.004511936534093724,0.08527276514310334
96,100,40,MAKESPAN,PERM,50.19735836538463,49.69191630422358,49.109043257552855,1.7635875451724348,1.5327873035415043,-0.42706539853870557,-0.49904229647107967
97,200,20,FLOWTIME,NOIDLE,49.871939676283716,49.660477814074696,47.86979956300897,1.8777263324865887,1.2403454749079754,-0.12147992932547798,-0.2964620396461602
98,200,20,FLOWTIME,NOIDLE,49.871939676283716,49.660477814074696,47.86979956300897,1.8777263324865887,1.2403454749079754,-0.5272912502970346,-0.15114839059880977
99,200,20,FLOWTIME,NOWAIT,49.871939676283716,49.660477814074696,47.86979956300897,1.8777263324865887,1.2403454749079754,0.10155202686195555,-0.5091220081982184
100,200,20,FLOWTIME,NOWAIT,49.871939676283716,49.660477814074696,47.86979956300897,1.8777263324865887,1.2403454749079754,0.3344650220298515,0.08361567950907837
102,200,20,FLOWTIME,PERM,49.871939676283716,49.660477814074696,47.86979956300897,1.8777263324865887,1.2403454749079754,-0.16904505758274435,-0.16489476806057723
103,200,20,MAKESPAN,NOIDLE,49.871939676283716,49.660477814074696,47.86979956300897,1.8777263324865887,1.2403454749079754,-1.0321761089860457,-0.08737040944176405
104,200,20,MAKESPAN,NOIDLE,49.871939676283716,49.660477814074696,47.86979956300897,1.8777263324865887,1.2403454749079754,0.5204771896075204,-0.14541987511743837
107,200,20,MAKESPAN,PERM,49.871939676283716,49.660477814074696,47.86979956300897,1.8777263324865887,1.2403454749079754,-0.31162117178745646,-0.0014792961543380057
108,200,20,MAKESPAN,PERM,49.871939676283716,49.660477814074696,47.86979956300897,1.8777263324865887,1.2403454749079754,-0.1969109132335104,-0.2702051320678065
109,200,40,FLOWTIME,NOIDLE,49.651503595715134,49.42603570677476,48.54680817692219,1.8319500689161246,1.47690614362729,0.054141065110545825,-0.059588838216381404
111,200,40,FLOWTIME,NOWAIT,49.651503595715134,49.42603570677476,48.54680817692219,1.8319500689161246,1.47690614362729,0.029508524085399217,-0.31287405257894274
113,200,40,FLOWTIME,PERM,49.651503595715134,49.42603570677476,48.54680817692219,1.8319500689161246,1.47690614362729,-0.3233503408765808,0.21309004630692985
114,200,40,FLOWTIME,PERM,49.651503595715134,49.42603570677476,48.54680817692219,1.8319500689161246,1.47690614362729,0.30348418689578366,0.4514113186964479
115,200,40,MAKESPAN,NOIDLE,49.651503595715134,49.42603570677476,48.54680817692219,1.8319500689161246,1.47690614362729,-0.6780379018722433,-0.05913378737071325
116,200,40,MAKESPAN,NOIDLE,49.651503595715134,49.42603570677476,48.54680817692219,1.8319500689161246,1.47690614362729,-0.34433322239156056,-0.1498210568874992
117,200,40,MAKESPAN,NOWAIT,49.651503595715134,49.42603570677476,48.54680817692219,1.8319500689161246,1.47690614362729,0.1266639464954112,-0.4516009606665691
118,200,40,MAKESPAN,NOWAIT,49.651503595715134,49.42603570677476,48.54680817692219,1.8319500689161246,1.47690614362729,-0.24415371049680648,0.6763956038430479
119,200,40,MAKESPAN,PERM,49.651503595715134,49.42603570677476,48.54680817692219,1.8319500689161246,1.47690614362729,-0.8624857665849643,-0.40680823964526946
120,200,40,MAKESPAN,PERM,49.651503595715134,49.42603570677476,48.54680817692219,1.8319500689161246,1.47690614362729,-0.6314141502982751,-0.28150323134956956
121,50,20,FLOWTIME,NOIDLE,28.70263097843622,28.475056892662177,28.63911347809837,-0.005392514004038432,0.006500435965933707,-0.03222818343162957,-0.04839828021687114
123,50,20,FLOWTIME,NOWAIT,28.70263097843622,28.475056892662177,28.63911347809837,-0.005392514004038432,0.006500435965933707,0.14819292992030988,-0.046999032286952666
124,50,20,FLOWTIME,NOWAIT,28.70263097843622,28.475056892662177,28.63911347809837,-0.005392514004038432,0.006500435965933707,-0.4535241141310106,0.21273052446376522
125,50,20,FLOWTIME,PERM,28.70263097843622,28.475056892662177,28.63911347809837,-0.005392514004038432,0.006500435965933707,0.31149222416186895,-1.1435169351854033
126,50,20,FLOWTIME,PERM,28.70263097843622,28.475056892662177,28.63911347809837,-0.005392514004038432,0.006500435965933707,-0.38367449328699077,-0.21874850622772993
127,50,20,MAKESPAN,NOIDLE,28.70263097843622,28.475056892662177,28.63911347809837,-0.005392514004038432,0.006500435965933707,-0.726717141537978,-0.302748054300173
128,50,20,MAKESPAN,NOIDLE,28.70263097843622,28.475056892662177,28.63911347809837,-0.005392514004038432,0.006500435965933707,-0.0538491793974721,-0.8508304075673981
130,50,20,MAKESPAN,NOWAIT,28.70263097843622,28.475056892662177,28.63911347809837,-0.005392514004038432,0.006500435965933707,-0.37241454179423233,-0.6340259151033589
134,100,20,FLOWTIME,NOIDLE,28.53179277680893,28.32260785340652,28.49802804114919,-0.0047543817270659485,-0.004037280871293452,0.02392337774980418,0.052825513734111
135,100,20,FLOWTIME,NOWAIT,28.53179277680893,28.32260785340652,28.49802804114919,-0.0047543817270659485,-0.004037280871293452,-0.0018503556457076797,0.16789707980149682
136,100,20,FLOWTIME,NOWAIT,28.53179277680893,28.32260785340652,28.49802804114919,-0.0047543817270659485,-0.004037280871293452,-0.8450663340915344,-0.43766816663750874
137,100,20,FLOWTIME,PERM,28.53179277680893,28.32260785340652,28.49802804114919,-0.0047543817270659485,-0.004037280871293452,-0.47329679393611285,-0.4063799952366411
138,100,20,FLOWTIME,PERM,28.53179277680893,28.32260785340652,28.49802804114919,-0.0047543817270659485,-0.004037280871293452,-0.10073142224780404,-0.690083906548684
139,100,20,MAKESPAN,NOIDLE,28.53179277680893,28.32260785340652,28.49802804114919,-0.0047543817270659485,-0.004037280871293452,-1.1301328646126165,-0.4168506385978009
140,100,20,MAKESPAN,NOIDLE,28.53179277680893,28.32260785340652,28.49802804114919,-0.0047543817270659485,-0.004037280871293452,0.07362455985011453,-0.43773194136915083
142,100,20,MAKESPAN,NOWAIT,28.53179277680893,28.32260785340652,28.49802804114919,-0.0047543817270659485,-0.004037280871293452,-0.16707021877028727,-0.6782872456482986
143,100,20,MAKESPAN,PERM,28.53179277680893,28.32260785340652,28.49802804114919,-0.0047543817270659485,-0.004037280871293452,-0.467575115669984,-0.6874691110867528
145,200,20,FLOWTIME,NOIDLE,28.470428916275246,28.30705179607243,28.46166900786397,0.0032013961480226597,0.002407058028978788,0.029258992500242286,-0.19499529029030627
146,200,20,FLOWTIME,NOIDLE,28.470428916275246,28.30705179607243,28.46166900786397,0.0032013961480226597,0.002407058028978788,-0.11958007912829337,-0.9162832867093001
147,200,20,FLOWTIME,NOWAIT,28.470428916275246,28.30705179607243,28.46166900786397,0.0032013961480226597,0.002407058028978788,0.058938817192530385,-0.6114902388504122
149,200,20,FLOWTIME,PERM,28.470428916275246,28.30705179607243,28.46166900786397,0.0032013961480226597,0.002407058028978788,0.1601463557761324,-0.5354760244541122
152,200,20,MAKESPAN,NOIDLE,28.470428916275246,28.30705179607243,28.46166900786397,0.0032013961480226597,0.002407058028978788,-0.7681996182506099,0.03867467424260699
153,200,20,MAKESPAN,NOWAIT,28.470428916275246,28.30705179607243,28.46166900786397,0.0032013961480226597,0.002407058028978788,-0.8490853473594123,-0.02757875530560315
154,200,20,MAKESPAN,NOWAIT,28.470428916275246,28.30705179607243,28.46166900786397,0.0032013961480226597,0.002407058028978788,-0.20159872666113923,-0.9095781357470427
155,200,20,MAKESPAN,PERM,28.470428916275246,28.30705179607243,28.46166900786397,0.0032013961480226597,0.002407058028978788,-0.6517452410651836,-0.49711410048500604
156,200,20,MAKESPAN,PERM,28.470428916275246,28.30705179607243,28.46166900786397,0.0032013961480226597,0.002407058028978788,-0.3162664347078918,0.12007307440562105
157,50,20,FLOWTIME,NOIDLE,28.061281261093114,28.29673011708443,8.268077432102974,0.0707097930511598,0.0010500326101101486,-0.5734490622128239,-0.17581466901749424
158,50,20,FLOWTIME,NOIDLE,28.061281261093114,28.29673011708443,8.268077432102974,0.0707097930511598,0.0010500326101101486,-0.42571309703359106,-0.39307285446282686
159,50,20,FLOWTIME,NOWAIT,28.061281261093114,28.29673011708443,8.268077432102974,0.0707097930511598,0.0010500326101101486,0.5271491030326455,-0.07349640879236898
161,50,20,FLOWTIME,PERM,28.061281261093114,28.29673011708443,8.268077432102974,0.0707097930511598,0.0010500326101101486,-1.131819803721047,-0.04033033886804498
164,50,20,MAKESPAN,NOIDLE,28.061281261093114,28.29673011708443,8.268077432102974,0.0707097930511598,0.0010500326101101486,-0.866364793272877,-0.39052442075988975
166,50,20,MAKESPAN,NOWAIT,28.061281261093114,28.29673011708443,8.268077432102974,0.0707097930511598,0.0010500326101101486,-1.090886620428689,-0.3118389994180486
167,50,20,MAKESPAN,PERM,28.061281261093114,28.29673011708443,8.268077432102974,0.0707097930511598,0.0010500326101101486,-0.41564445213351414,-0.41999248297506314
168,50,20,MAKESPAN,PERM,28.061281261093114,28.29673011708443,8.268077432102974,0.0707097930511598,0.0010500326101101486,-0.18778662338940094,-0.10457433238058665
171,100,20,FLOWTIME,NOWAIT,28.28761512477903,28.405620104509502,8.280670451453348,-0.04275558701398055,-0.016289334890982415,-0.7130146502866574,-0.09656171206348944
172,100,20,FLOWTIME,NOWAIT,28.28761512477903,28.405620104509502,8.280670451453348,-0.04275558701398055,-0.016289334890982415,0.3133101809184504,-0.23616207989518356
173,100,20,FLOWTIME,PERM,28.28761512477903,28.405620104509502,8.280670451453348,-0.04275558701398055,-0.016289334890982415,-0.8848836061565308,-0.1779582687377427
174,100,20,FLOWTIME,PERM,28.28761512477903,28.405620104509502,8.280670451453348,-0.04275558701398055,-0.016289334890982415,-0.5019152558326712,0.22918577236321008
175,100,20,MAKESPAN,NOIDLE,28.28761512477903,28.405620104509502,8.280670451453348,-0.04275558701398055,-0.016289334890982415,-0.5092816360380581,-0.36655134698433023
176,100,20,MAKESPAN,NOIDLE,28.28761512477903,28.405620104509502,8.280670451453348,-0.04275558701398055,-0.016289334890982415,-0.02017278563952801,0.42614538375865263
177,100,20,MAKESPAN,NOWAIT,28.28761512477903,28.405620104509502,8.280670451453348,-0.04275558701398055,-0.016289334890982415,-0.8418881858811138,-1.4152090307233463
178,100,20,MAKESPAN,NOWAIT,28.28761512477903,28.405620104509502,8.280670451453348,-0.04275558701398055,-0.016289334890982415,0.19027962707145268,-0.4661150781479883
179,100,20,MAKESPAN,PERM,28.28761512477903,28.405620104509502,8.280670451453348,-0.04275558701398055,-0.016289334890982415,-0.6354127394317487,-0.6045002955048628
180,100,20,MAKESPAN,PERM,28.28761512477903,28.405620104509502,8.280670451453348,-0.04275558701398055,-0.016289334890982415,-0.8936852266282592,-0.06411379679249557
181,100,40,FLOWTIME,NOIDLE,27.526869488647353,27.63988141017464,8.590372663928587,0.02533981664426021,0.00939254739219441,-0.5528067703906671,-0.711504415549322
182,100,40,FLOWTIME,NOIDLE,27.526869488647353,27.63988141017464,8.590372663928587,0.02533981664426021,0.00939254739219441,-0.5414089309403921,-1.0976406833519736
183,100,40,FLOWTIME,NOWAIT,27.526869488647353,27.63988141017464,8.590372663928587,0.02533981664426021,0.00939254739219441,-0.12964509562331908,-0.4689224025441255
184,100,40,FLOWTIME,NOWAIT,27.526869488647353,27.63988141017464,8.590372663928587,0.02533981664426021,0.00939254739219441,-1.2637701909582422,-0.06377274742683937
185,100,40,FLOWTIME,PERM,27.526869488647353,27.63988141017464,8.590372663928587,0.02533981664426021,0.00939254739219441,-0.42913263516230465,-0.11337223682909522
186,100,40,FLOWTIME,PERM,27.526869488647353,27.63988141017464,8.590372663928587,0.02533981664426021,0.00939254739219441,-0.49678801968802405,-0.4682138321397717
187,100,40,MAKESPAN,NOIDLE,27.526869488647353,27.63988141017464,8.590372663928587,0.02533981664426021,0.00939254739219441,-0.5234763947780324,-0.4792756698964533
189,100,40,MAKESPAN,NOWAIT,27.526869488647353,27.63988141017464,8.590372663928587,0.02533981664426021,0.00939254739219441,-0.872814358292045,-0.6555617753635887
190,100,40,MAKESPAN,NOWAIT,27.526869488647353,27.63988141017464,8.590372663928587,0.02533981664426021,0.00939254739219441,-0.5647365694932013,-0.2395293437360952
191,100,40,MAKESPAN,PERM,27.526869488647353,27.63988141017464,8.590372663928587,0.02533981664426021,0.00939254739219441,-0.12192150045231585,-0.3305245511696516
193,200,20,FLOWTIME,NOIDLE,28.445948986619165,28.50226740104901,8.306433854004311,0.031177736062476046,0.008748662858524974,-0.1960255541023567,-1.0851358462593197
194,200,20,FLOWTIME,NOIDLE,28.445948986619165,28.50226740104901,8.306433854004311,0.031177736062476046,0.008748662858524974,0.4590006879483824,0.2677715914329952
195,200,20,FLOWTIME,NOWAIT,28.445948986619165,28.50226740104901,8.306433854004311,0.031177736062476046,0.008748662858524974,-0.495705583680631,-0.9478138479759401
197,200,20,FLOWTIME,PERM,28.445948986619165,28.50226740104901,8.306433854004311,0.031177736062476046,0.008748662858524974,-1.3026596489427136,-0.4846022145555472
198,200,20,FLOWTIME,PERM,28.445948986619165,28.50226740104901,8.306433854004311,0.031177736062476046,0.008748662858524974,0.14630445421869917,0.18662873795390503
200,200,20,MAKESPAN,NOIDLE,28.445948986619165,28.50226740104901,8.306433854004311,0.031177736062476046,0.008748662858524974,0.38213010137518433,-1.3172936697427757
201,200,20,MAKESPAN,NOWAIT,28.445948986619165,28.50226740104901,8.306433854004311,0.031177736062476046,0.008748662858524974,-0.48119476443710946,-0.6612177441701458
202,200,20,MAKESPAN,NOWAIT,28.445948986619165,28.50226740104901,8.306433854004311,0.031177736062476046,0.008748662858524974,-0.055814884734935295,-0.16872683444491282
204,200,20,MAKESPAN,PERM,28.445948986619165,28.50226740104901,8.306433854004311,0.031177736062476046,0.008748662858524974,-0.08796773543817625,-0.4440894932606925
205,200,40,FLOWTIME,NOIDLE,28.774233948621838,28.834734328138296,8.30003432789268,0.02127907694637394,0.02148677879212873,-0.6043755530720297,-0.06204812261815361
206,200,40,FLOWTIME,NOIDLE,28.774233948621838,28.834734328138296,8.30003432789268,0.02127907694637394,0.02148677879212873,0.16384392747351686,-0.4940496089423855
207,200,40,FLOWTIME,NOWAIT,28.774233948621838,28.834734328138296,8.30003432789268,0.02127907694637394,0.02148677879212873,-1.1596296628854517,-0.22923710316960355
208,200,40,FLOWTIME,NOWAIT,28.774233948621838,28.834734328138296,8.30003432789268,0.02127907694637394,0.02148677879212873,-1.044532175705894,0.06550504423264046
209,200,40,FLOWTIME,PERM,28.774233948621838,28.834734328138296,8.30003432789268,0.02127907694637394,0.02148677879212873,0.11461913863860115,-0.5116589404884672
213,200,40,MAKESPAN,NOWAIT,28.774233948621838,28.834734328138296,8.30003432789268,0.02127907694637394,0.02148677879212873,-0.0550004844956018,0.06303288416295437
214,200,40,MAKESPAN,NOWAIT,28.774233948621838,28.834734328138296,8.30003432789268,0.02127907694637394,0.02148677879212873,-0.03993612635616815,-0.13369424899907076
215,200,40,MAKESPAN,PERM,28.774233948621838,28.834734328138296,8.30003432789268,0.02127907694637394,0.02148677879212873,0.02742913416741689,-0.4274056956213106
217,50,20,FLOWTIME,NOIDLE,26.649190769093348,8.647673639150161,27.204843275922983,-0.04709694047658192,-0.13920563503791897,-0.46489221646286155,-0.18248291101816075
218,50,20,FLOWTIME,NOIDLE,26.649190769093348,8.647673639150161,27.204843275922983,-0.04709694047658192,-0.13920563503791897,0.01277633780948594,-0.4005440426446209
219,50,20,FLOWTIME,NOWAIT,26.649190769093348,8.647673639150161,27.204843275922983,-0.04709694047658192,-0.13920563503791897,-0.16788934430341676,-0.7269397869765194
220,50,20,FLOWTIME,NOWAIT,26.649190769093348,8.647673639150161,27.204843275922983,-0.04709694047658192,-0.13920563503791897,-0.04066757811738534,-0.3413141364016657
221,50,20,FLOWTIME,PERM,26.649190769093348,8.647673639150161,27.204843275922983,-0.04709694047658192,-0.13920563503791897,-0.5203083714130797,-1.2763459921858342
222,50,20,FLOWTIME,PERM,26.649190769093348,8.647673639150161,27.204843275922983,-0.04709694047658192,-0.13920563503791897,-0.3215449109270793,-0.7557929670935181
223,50,20,MAKESPAN,NOIDLE,26.649190769093348,8.647673639150161,27.204843275922983,-0.04709694047658192,-0.13920563503791897,-0.9569819810396691,-0.5955061774842004
224,50,20,MAKESPAN,NOIDLE,26.649190769093348,8.647673639150161,27.204843275922983,-0.04709694047658192,-0.13920563503791897,-0.4109274207757591,-0.0036388801035502267
225,50,20,MAKESPAN,NOWAIT,26.649190769093348,8.647673639150161,27.204843275922983,-0.04709694047658192,-0.13920563503791897,-0.7686491100793762,-0.7300651175944542
226,50,20,MAKESPAN,NOWAIT,26.649190769093348,8.647673639150161,27.204843275922983,-0.04709694047658192,-0.13920563503791897,-0.3493483390687391,0.3485552461935197
228,50,20,MAKESPAN,PERM,26.649190769093348,8.647673639150161,27.204843275922983,-0.04709694047658192,-0.13920563503791897,-0.24841951610681887,-0.5592340727018311
229,100,20,FLOWTIME,NOIDLE,27.436903472273794,8.496177683790215,28.022063065620873,-0.012030937935318939,-0.17992212320619647,-1.1267623680314718,-0.15475319196897744
231,100,20,FLOWTIME,NOWAIT,27.436903472273794,8.496177683790215,28.022063065620873,-0.012030937935318939,-0.17992212320619647,0.07570031639685366,-0.0011444098781412764
232,100,20,FLOWTIME,NOWAIT,27.436903472273794,8.496177683790215,28.022063065620873,-0.012030937935318939,-0.17992212320619647,0.2322651349491504,0.10550753991268551
233,100,20,FLOWTIME,PERM,27.436903472273794,8.496177683790215,28.022063065620873,-0.012030937935318939,-0.17992212320619647,-0.489758992829532,-0.19665332340946354
234,100,20,FLOWTIME,PERM,27.436903472273794,8.496177683790215,28.022063065620873,-0.012030937935318939,-0.17992212320619647,-0.6249807197009378,-0.3981974459234106
235,100,20,MAKESPAN,NOIDLE,27.436903472273794,8.496177683790215,28.022063065620873,-0.012030937935318939,-0.17992212320619647,-0.35492622474305546,-0.0949596333202489
236,100,20,MAKESPAN,NOIDLE,27.436903472273794,8.496177683790215,28.022063065620873,-0.012030937935318939,-0.17992212320619647,-0.3952234875135887,-0.5150458946134476
237,100,20,MAKESPAN,NOWAIT,27.436903472273794,8.496177683790215,28.022063065620873,-0.012030937935318939,-0.17992212320619647,0.2378388556657977,-0.7754685038404074
238,100,20,MAKESPAN,NOWAIT,27.436903472273794,8.496177683790215,28.022063065620873,-0.012030937935318939,-0.17992212320619647,-0.7890277250834276,-0.49847982188870343
239,100,20,MAKESPAN,PERM,27.436903472273794,8.496177683790215,28.022063065620873,-0.012030937935318939,-0.17992212320619647,-0.34654999618903476,-0.31662821315311696
240,100,20,MAKESPAN,PERM,27.436903472273794,8.496177683790215,28.022063065620873,-0.012030937935318939,-0.17992212320619647,-0.4704669939488324,-0.29306058070694463
241,100,40,FLOWTIME,NOIDLE,28.032610669554582,8.338959588325825,28.333723713063673,0.06356554943371563,0.12471915254313788,0.037069834900216606,-0.36549368850702174
242,100,40,FLOWTIME,NOIDLE,28.032610669554582,8.338959588325825,28.333723713063673,0.06356554943371563,0.12471915254313788,-0.8766347768772255,-0.5557682101229438
243,100,40,FLOWTIME,NOWAIT,28.032610669554582,8.338959588325825,28.333723713063673,0.06356554943371563,0.12471915254313788,-0.3620170572041242,0.10527836700871591
244,100,40,FLOWTIME,NOWAIT,28.032610669554582,8.338959588325825,28.333723713063673,0.06356554943371563,0.12471915254313788,0.22032133537956924,-0.30266291570712395
245,100,40,FLOWTIME,PERM,28.032610669554582,8.338959588325825,28.333723713063673,0.06356554943371563,0.12471915254313788,-0.03633448444502787,-0.9206904253004401
246,100,40,FLOWTIME,PERM,28.032610669554582,8.338959588325825,28.333723713063673,0.06356554943371563,0.12471915254313788,0.10820508804858775,-0.30891036976182334
247,100,40,MAKESPAN,NOIDLE,28.032610669554582,8.338959588325825,28.333723713063673,0.06356554943371563,0.12471915254313788,-0.3857919516083697,-0.01672639761866978
248,100,40,MAKESPAN,NOIDLE,28.032610669554582,8.338959588325825,28.333723713063673,0.06356554943371563,0.12471915254313788,-0.44002424735953377,0.38071322199865554
249,100,40,MAKESPAN,NOWAIT,28.032610669554582,8.338959588325825,28.333723713063673,0.06356554943371563,0.12471915254313788,-0.8556710378338639,-0.45187239321300776
250,100,40,MAKESPAN,NOWAIT,28.032610669554582,8.338959588325825,28.333723713063673,0.06356554943371563,0.12471915254313788,0.4281732211079566,-0.5687793263877151
252,100,40,MAKESPAN,PERM,28.032610669554582,8.338959588325825,28.333723713063673,0.06356554943371563,0.12471915254313788,0.13004947562328067,0.07306470700834619
253,200,20,FLOWTIME,NOIDLE,28.126816656689606,8.30268939703623,28.745813593055818,-0.07889575740011665,-0.13758169210614157,-0.3326404283406698,-0.3938480205441304
255,200,20,FLOWTIME,NOWAIT,28.126816656689606,8.30268939703623,28.745813593055818,-0.07889575740011665,-0.13758169210614157,-0.4449627051718591,-0.5138633225794695
257,200,20,FLOWTIME,PERM,28.126816656689606,8.30268939703623,28.745813593055818,-0.07889575740011665,-0.13758169210614157,-0.3198443334844484,-0.3204612814040077
260,200,20,MAKESPAN,NOIDLE,28.126816656689606,8.30268939703623,28.745813593055818,-0.07889575740011665,-0.13758169210614157,-0.5812805342615187,-0.34560975687541967
262,200,20,MAKESPAN,NOWAIT,28.126816656689606,8.30268939703623,28.745813593055818,-0.07889575740011665,-0.13758169210614157,-0.10201297835043997,-0.04866395802565419
263,200,20,MAKESPAN,PERM,28.126816656689606,8.30268939703623,28.745813593055818,-0.07889575740011665,-0.13758169210614157,-1.1462165080084006,-0.29189744912806864
264,200,20,MAKESPAN,PERM,28.126816656689606,8.30268939703623,28.745813593055818,-0.07889575740011665,-0.13758169210614157,0.09326810098654924,-0.617233252438805
265,200,40,FLOWTIME,NOIDLE,27.73692104546766,8.51907988261307,28.035735514418107,0.08660350372397184,0.07985157623835103,0.32451399623750227,-0.01968749529810863
267,200,40,FLOWTIME,NOWAIT,27.73692104546766,8.51907988261307,28.035735514418107,0.08660350372397184,0.07985157623835103,-0.6238882428769702,-0.2644043953486376
268,200,40,FLOWTIME,NOWAIT,27.73692104546766,8.51907988261307,28.035735514418107,0.08660350372397184,0.07985157623835103,-0.154713849008097,-0.22876993295367937
269,200,40,FLOWTIME,PERM,27.73692104546766,8.51907988261307,28.035735514418107,0.08660350372397184,0.07985157623835103,-0.6279953334897981,-0.5762645867229891
270,200,40,FLOWTIME,PERM,27.73692104546766,8.51907988261307,28.035735514418107,0.08660350372397184,0.07985157623835103,-0.5648463472771783,-0.6681338876124384
271,200,40,MAKESPAN,NOIDLE,27.73692104546766,8.51907988261307,28.035735514418107,0.08660350372397184,0.07985157623835103,0.10033996020371776,-0.75959576812839
272,200,40,MAKESPAN,NOIDLE,27.73692104546766,8.51907988261307,28.035735514418107,0.08660350372397184,0.07985157623835103,-0.5001042972810512,-0.6270021718405092
273,200,40,MAKESPAN,NOWAIT,27.73692104546766,8.51907988261307,28.035735514418107,0.08660350372397184,0.07985157623835103,-0.08891486560472878,-0.8950086295968354
274,200,40,MAKESPAN,NOWAIT,27.73692104546766,8.51907988261307,28.035735514418107,0.08660350372397184,0.07985157623835103,-0.3726930056317484,0.11817201650444444
275,200,40,MAKESPAN,PERM,27.73692104546766,8.51907988261307,28.035735514418107,0.08660350372397184,0.07985157623835103,-0.0013248026737286245,-0.2819171717438492
276,200,40,MAKESPAN,PERM,27.73692104546766,8.51907988261307,28.035735514418107,0.08660350372397184,0.07985157623835103,-0.9922730916666724,0.4854349841478566
277,50,20,FLOWTIME,NOIDLE,28.291612725056513,28.278089614036624,28.10549567182706,0.003526559677801877,0.0018220291142825333,-0.6727746686732077,-0.3063546639171611
279,50,20,FLOWTIME,NOWAIT,28.291612725056513,28.278089614036624,28.10549567182706,0.003526559677801877,0.0018220291142825333,0.34566029643907886,-0.2660306075750221
280,50,20,FLOWTIME,NOWAIT,28.291612725056513,28.278089614036624,28.10549567182706,0.003526559677801877,0.0018220291142825333,-0.27791347885575507,-0.2621364386392063
281,50,20,FLOWTIME,PERM,28.291612725056513,28.278089614036624,28.10549567182706,0.003526559677801877,0.0018220291142825333,-0.264487912780288,-0.6741081061555357
282,50,20,FLOWTIME,PERM,28.291612725056513,28.278089614036624,28.10549567182706,0.003526559677801877,0.0018220291142825333,-0.2334108229735649,0.2355304418716297
283,50,20,MAKESPAN,NOIDLE,28.291612725056513,28.278089614036624,28.10549567182706,0.003526559677801877,0.0018220291142825333,-0.871174765402507,-1.1069682061143415
284,50,20,MAKESPAN,NOIDLE,28.291612725056513,28.278089614036624,28.10549567182706,0.003526559677801877,0.0018220291142825333,-1.0783890953701916,-0.4585476497846028
285,50,20,MAKESPAN,NOWAIT,28.291612725056513,28.278089614036624,28.10549567182706,0.003526559677801877,0.0018220291142825333,-0.7657272656768823,-0.5961805778342024
286,50,20,MAKESPAN,NOWAIT,28.291612725056513,28.278089614036624,28.10549567182706,0.003526559677801877,0.0018220291142825333,0.17511452524963467,-0.5222499057414431
287,50,20,MAKESPAN,PERM,28.291612725056513,28.278089614036624,28.10549567182706,0.003526559677801877,0.0018220291142825333,0.4300369575228515,-0.4430668563785844
288,50,20,MAKESPAN,PERM,28.291612725056513,28.278089614036624,28.10549567182706,0.003526559677801877,0.0018220291142825333,-0.5006447479292654,-1.0034376395085522
289,100,20,FLOWTIME,NOIDLE,28.284629857743624,28.271010983899686,28.060162323965944,0.010059503544185498,0.0097395449152278,-0.5238238328847937,-0.7598606450431638
291,100,20,FLOWTIME,NOWAIT,28.284629857743624,28.271010983899686,28.060162323965944,0.010059503544185498,0.0097395449152278,-0.9959716035205513,0.17843828726420016
294,100,20,FLOWTIME,PERM,28.284629857743624,28.271010983899686,28.060162323965944,0.010059503544185498,0.0097395449152278,0.9885928515707533,-0.815755790222155
296,100,20,MAKESPAN,NOIDLE,28.284629857743624,28.271010983899686,28.060162323965944,0.010059503544185498,0.0097395449152278,-0.24378651814331623,0.10818758433525955
297,100,20,MAKESPAN,NOWAIT,28.284629857743624,28.271010983899686,28.060162323965944,0.010059503544185498,0.0097395449152278,-0.5542896382076269,-0.6694571289925952
298,100,20,MAKESPAN,NOWAIT,28.284629857743624,28.271010983899686,28.060162323965944,0.010059503544185498,0.0097395449152278,0.08600402661386118,-0.2910413860720522
299,100,20,MAKESPAN,PERM,28.284629857743624,28.271010983899686,28.060162323965944,0.010059503544185498,0.0097395449152278,-0.5380587875850925,-0.5593126774335158
301,100,40,FLOWTIME,NOIDLE,28.355410490030543,28.315795323488892,28.300875740498707,6.539736743282857e-4,-1.9715216169982054e-5,-0.009053138959303325,-0.21237631326099393
303,100,40,FLOWTIME,NOWAIT,28.355410490030543,28.315795323488892,28.300875740498707,6.539736743282857e-4,-1.9715216169982054e-5,-0.7285342265055302,-0.2419152620919625
305,100,40,FLOWTIME,PERM,28.355410490030543,28.315795323488892,28.300875740498707,6.539736743282857e-4,-1.9715216169982054e-5,-0.46647988645666033,0.12418510016060977
306,100,40,FLOWTIME,PERM,28.355410490030543,28.315795323488892,28.300875740498707,6.539736743282857e-4,-1.9715216169982054e-5,0.2796075081330603,-0.49108660494284306
307,100,40,MAKESPAN,NOIDLE,28.355410490030543,28.315795323488892,28.300875740498707,6.539736743282857e-4,-1.9715216169982054e-5,-0.629013028465283,0.42908522500253493
308,100,40,MAKESPAN,NOIDLE,28.355410490030543,28.315795323488892,28.300875740498707,6.539736743282857e-4,-1.9715216169982054e-5,0.16725817675943394,-0.5275149438294711
311,100,40,MAKESPAN,PERM,28.355410490030543,28.315795323488892,28.300875740498707,6.539736743282857e-4,-1.9715216169982054e-5,-0.4385774895514283,-0.14359045669192533
312,100,40,MAKESPAN,PERM,28.355410490030543,28.315795323488892,28.300875740498707,6.539736743282857e-4,-1.9715216169982054e-5,-0.009266999034817544,-0.3138860655774542
313,200,20,FLOWTIME,NOIDLE,28.259019411628305,28.2517591618081,28.111062539492032,0.008117940778639256,0.00905957835166751,0.8209580382766505,-0.11295150966509822
314,200,20,FLOWTIME,NOIDLE,28.259019411628305,28.2517591618081,28.111062539492032,0.008117940778639256,0.00905957835166751,0.23697256417105966,-0.02775088331176205
315,200,20,FLOWTIME,NOWAIT,28.259019411628305,28.2517591618081,28.111062539492032,0.008117940778639256,0.00905957835166751,0.15025030823588195,-0.19847342262010095
316,200,20,FLOWTIME,NOWAIT,28.259019411628305,28.2517591618081,28.111062539492032,0.008117940778639256,0.00905957835166751,0.22901208491476135,-0.34984137965981443
317,200,20,FLOWTIME,PERM,28.259019411628305,28.2517591618081,28.111062539492032,0.008117940778639256,0.00905957835166751,-0.49533867056092395,-0.1167556956763989
318,200,20,FLOWTIME,PERM,28.259019411628305,28.2517591618081,28.111062539492032,0.008117940778639256,0.00905957835166751,-0.9374784654416897,-0.7376471081380829
319,200,20,MAKESPAN,NOIDLE,28.259019411628305,28.2517591618081,28.111062539492032,0.008117940778639256,0.00905957835166751,-0.08968712172640908,-0.29636579014390135
320,200,20,MAKESPAN,NOIDLE,28.259019411628305,28.2517591618081,28.111062539492032,0.008117940778639256,0.00905957835166751,-1.006632622122737,0.0560612573700573
321,200,20,MAKESPAN,NOWAIT,28.259019411628305,28.2517591618081,28.111062539492032,0.008117940778639256,0.00905957835166751,-0.45692035328816427,-0.1229871425673825
323,200,20,MAKESPAN,PERM,28.259019411628305,28.2517591618081,28.111062539492032,0.008117940778639256,0.00905957835166751,-0.05940099667342683,0.5530116904365894
324,200,20,MAKESPAN,PERM,28.259019411628305,28.2517591618081,28.111062539492032,0.008117940778639256,0.00905957835166751,-0.22617927836077945,0.3933415564473242
325,200,40,FLOWTIME,NOIDLE,28.302654227239493,28.29215292887571,28.21579328024453,0.002423826430221751,0.0025070556875829543,0.0066221149492452,-0.20291793037702194
326,200,40,FLOWTIME,NOIDLE,28.302654227239493,28.29215292887571,28.21579328024453,0.002423826430221751,0.0025070556875829543,-0.2953079459496501,0.2192325830482265
327,200,40,FLOWTIME,NOWAIT,28.302654227239493,28.29215292887571,28.21579328024453,0.002423826430221751,0.0025070556875829543,-0.17537202303909374,-0.08985199035424195
328,200,40,FLOWTIME,NOWAIT,28.302654227239493,28.29215292887571,28.21579328024453,0.002423826430221751,0.0025070556875829543,-0.22710205829761757,-0.7036143119284113
329,200,40,FLOWTIME,PERM,28.302654227239493,28.29215292887571,28.21579328024453,0.002423826430221751,0.0025070556875829543,0.011421557560119255,0.07600313545048423
330,200,40,FLOWTIME,PERM,28.302654227239493,28.29215292887571,28.21579328024453,0.002423826430221751,0.0025070556875829543,-0.5944933074591345,-0.3698856448643271
331,200,40,MAKESPAN,NOIDLE,28.302654227239493,28.29215292887571,28.21579328024453,0.002423826430221751,0.0025070556875829543,0.20332456148609815,-0.5597240339390941
332,200,40,MAKESPAN,NOIDLE,28.302654227239493,28.29215292887571,28.21579328024453,0.002423826430221751,0.0025070556875829543,-0.2847583715542461,-0.7277696022664142
333,200,40,MAKESPAN,NOWAIT,28.302654227239493,28.29215292887571,28.21579328024453,0.002423826430221751,0.0025070556875829543,-1.3221398648572982,-0.09228779723998587
334,200,40,MAKESPAN,NOWAIT,28.302654227239493,28.29215292887571,28.21579328024453,0.002423826430221751,0.0025070556875829543,-0.2720365620269091,-1.0581807280843865
335,200,40,MAKESPAN,PERM,28.302654227239493,28.29215292887571,28.21579328024453,0.002423826430221751,0.0025070556875829543,-0.3978842160533959,0.1696734971027693
336,200,40,MAKESPAN,PERM,28.302654227239493,28.29215292887571,28.21579328024453,0.002423826430221751,0.0025070556875829543,-0.3345601469237736,-0.431529219077552
337,100,20,FLOWTIME,NOIDLE,28.675993192294726,28.438281933557338,28.682896199360098,0.003195515463549672,0.006194053686810537,-0.7414873139645561,-0.4519528923075195
338,100,20,FLOWTIME,NOIDLE,28.675993192294726,28.438281933557338,28.682896199360098,0.003195515463549672,0.006194053686810537,-0.46724611728034143,0.08657410223708192
339,100,20,FLOWTIME,NOWAIT,28.675993192294726,28.438281933557338,28.682896199360098,0.003195515463549672,0.006194053686810537,0.3062320218310356,0.11315835962603218
340,100,20,FLOWTIME,NOWAIT,28.675993192294726,28.438281933557338,28.682896199360098,0.003195515463549672,0.006194053686810537,-0.40817403119463064,-0.4410831734232907
341,100,20,FLOWTIME,PERM,28.675993192294726,28.438281933557338,28.682896199360098,0.003195515463549672,0.006194053686810537,-0.20636198800833147,-0.1804058660523275
343,100,20,MAKESPAN,NOIDLE,28.675993192294726,28.438281933557338,28.682896199360098,0.003195515463549672,0.006194053686810537,-0.7897539594001367,-0.25659243561706424
344,100,20,MAKESPAN,NOIDLE,28.675993192294726,28.438281933557338,28.682896199360098,0.003195515463549672,0.006194053686810537,-1.0061769965593192,-0.33745544203355127
345,100,20,MAKESPAN,NOWAIT,28.675993192294726,28.438281933557338,28.682896199360098,0.003195515463549672,0.006194053686810537,-0.24194143076734545,-0.2823036695575927
346,100,20,MAKESPAN,NOWAIT,28.675993192294726,28.438281933557338,28.682896199360098,0.003195515463549672,0.006194053686810537,0.09077583304800937,-0.873660225228253
347,100,20,MAKESPAN,PERM,28.675993192294726,28.438281933557338,28.682896199360098,0.003195515463549672,0.006194053686810537,-1.3159736705305098,0.41918428594130663
348,100,20,MAKESPAN,PERM,28.675993192294726,28.438281933557338,28.682896199360098,0.003195515463549672,0.006194053686810537,0.029244209549734813,-0.24515075381596693
349,100,40,FLOWTIME,NOIDLE,28.53045449911447,28.405287799784375,28.554006921670656,-0.005754118390741195,-0.006942536322434308,-0.3810709426809423,-0.5083799272798643
350,100,40,FLOWTIME,NOIDLE,28.53045449911447,28.405287799784375,28.554006921670656,-0.005754118390741195,-0.006942536322434308,-0.9574620655069391,-1.5988042324270786
351,100,40,FLOWTIME,NOWAIT,28.53045449911447,28.405287799784375,28.554006921670656,-0.005754118390741195,-0.006942536322434308,-0.1919270752980353,-0.35506508251534863
352,100,40,FLOWTIME,NOWAIT,28.53045449911447,28.405287799784375,28.554006921670656,-0.005754118390741195,-0.006942536322434308,0.06681010275353938,-1.1129025131128252
353,100,40,FLOWTIME,PERM,28.53045449911447,28.405287799784375,28.554006921670656,-0.005754118390741195,-0.006942536322434308,-0.47362288086329063,-0.16988044900211774
354,100,40,FLOWTIME,PERM,28.53045449911447,28.405287799784375,28.554006921670656,-0.005754118390741195,-0.006942536322434308,0.16893409321029815,0.16105877685351122
355,100,40,MAKESPAN,NOIDLE,28.53045449911447,28.405287799784375,28.554006921670656,-0.005754118390741195,-0.006942536322434308,-0.43987667204184033,-0.05590988954949682
356,100,40,MAKESPAN,NOIDLE,28.53045449911447,28.405287799784375,28.554006921670656,-0.005754118390741195,-0.006942536322434308,-0.32399528912735615,0.29327415067546025
357,100,40,MAKESPAN,NOWAIT,28.53045449911447,28.405287799784375,28.554006921670656,-0.005754118390741195,-0.006942536322434308,-0.08459955031524628,-0.3447761695526146
359,100,40,MAKESPAN,PERM,28.53045449911447,28.405287799784375,28.554006921670656,-0.005754118390741195,-0.006942536322434308,-0.27536583554789434,-0.5602975408645997
360,100,40,MAKESPAN,PERM,28.53045449911447,28.405287799784375,28.554006921670656,-0.005754118390741195,-0.006942536322434308,-0.359488895965312,-0.7472178269291636
361,200,20,FLOWTIME,NOIDLE,28.55205771034857,28.34152489929523,28.556075266396824,0.006990638298706702,0.007538529159773819,-0.4268567867369467,-0.2571495125269271
362,200,20,FLOWTIME,NOIDLE,28.55205771034857,28.34152489929523,28.556075266396824,0.006990638298706702,0.007538529159773819,-0.5469806978167877,0.3308603358550067
363,200,20,FLOWTIME,NOWAIT,28.55205771034857,28.34152489929523,28.556075266396824,0.006990638298706702,0.007538529159773819,0.2539844042999433,-0.45756126707941086
364,200,20,FLOWTIME,NOWAIT,28.55205771034857,28.34152489929523,28.556075266396824,0.006990638298706702,0.007538529159773819,-0.4028873955854147,0.1505119621467735
365,200,20,FLOWTIME,PERM,28.55205771034857,28.34152489929523,28.556075266396824,0.006990638298706702,0.007538529159773819,-1.0445966460914466,-0.04591757230245848
367,200,20,MAKESPAN,NOIDLE,28.55205771034857,28.34152489929523,28.556075266396824,0.006990638298706702,0.007538529159773819,-0.4750034530901376,-0.0339338935704096
368,200,20,MAKESPAN,NOIDLE,28.55205771034857,28.34152489929523,28.556075266396824,0.006990638298706702,0.007538529159773819,-0.08094773805912418,-0.4555729978630666
371,200,20,MAKESPAN,PERM,28.55205771034857,28.34152489929523,28.556075266396824,0.006990638298706702,0.007538529159773819,-1.0054798890035406,0.14790909753060558
372,200,20,MAKESPAN,PERM,28.55205771034857,28.34152489929523,28.556075266396824,0.006990638298706702,0.007538529159773819,-1.2194911292599466,-0.7284155256885271
373,200,40,FLOWTIME,NOIDLE,28.537984980759024,28.43109556117136,28.54187909424917,0.004961335881061224,0.0050851055561371185,0.22941769637096923,0.028388214052438656
374,200,40,FLOWTIME,NOIDLE,28.537984980759024,28.43109556117136,28.54187909424917,0.004961335881061224,0.0050851055561371185,-0.19288859872371672,-0.7406179728560338
375,200,40,FLOWTIME,NOWAIT,28.537984980759024,28.43109556117136,28.54187909424917,0.004961335881061224,0.0050851055561371185,-0.549327309913917,-0.288634586863868
376,200,40,FLOWTIME,NOWAIT,28.537984980759024,28.43109556117136,28.54187909424917,0.004961335881061224,0.0050851055561371185,-0.46507982063175957,0.46163078542530905
377,200,40,FLOWTIME,PERM,28.537984980759024,28.43109556117136,28.54187909424917,0.004961335881061224,0.0050851055561371185,-0.6240395766679439,-0.22064745876557668
378,200,40,FLOWTIME,PERM,28.537984980759024,28.43109556117136,28.54187909424917,0.004961335881061224,0.0050851055561371185,-1.1372075048986225,-0.9756311540686825
380,200,40,MAKESPAN,NOIDLE,28.537984980759024,28.43109556117136,28.54187909424917,0.004961335881061224,0.0050851055561371185,-0.24440550911902714,-0.12209008625457547
381,200,40,MAKESPAN,NOWAIT,28.537984980759024,28.43109556117136,28.54187909424917,0.004961335881061224,0.0050851055561371185,0.4805595084312317,0.2551521799974161
382,200,40,MAKESPAN,NOWAIT,28.537984980759024,28.43109556117136,28.54187909424917,0.004961335881061224,0.0050851055561371185,-0.6787283306617827,0.07204613324456967
383,200,40,MAKESPAN,PERM,28.537984980759024,28.43109556117136,28.54187909424917,0.004961335881061224,0.0050851055561371185,-0.6269744027847997,-0.9848521370260206
384,200,40,MAKESPAN,PERM,28.537984980759024,28.43109556117136,28.54187909424917,0.004961335881061224,0.0050851055561371185,-0.37613612833346677,-0.723788429061308
385,50,20,FLOWTIME,NOIDLE,28.51951900186928,28.133941352247437,28.546168584008772,0.0037647174933256385,0.002169663112064957,-0.12575528635656136,-0.5144763152919184
386,50,20,FLOWTIME,NOIDLE,28.51951900186928,28.133941352247437,28.546168584008772,0.0037647174933256385,0.002169663112064957,-0.4293027556385067,-0.0930361327835326
387,50,20,FLOWTIME,NOWAIT,28.51951900186928,28.133941352247437,28.546168584008772,0.0037647174933256385,0.002169663112064957,-0.02479334121530543,-1.067391871774771
388,50,20,FLOWTIME,NOWAIT,28.51951900186928,28.133941352247437,28.546168584008772,0.0037647174933256385,0.002169663112064957,-0.3075759480349618,-1.3169274122292836
389,50,20,FLOWTIME,PERM,28.51951900186928,28.133941352247437,28.546168584008772,0.0037647174933256385,0.002169663112064957,-0.5118582315464297,-0.13459869197277863
390,50,20,FLOWTIME,PERM,28.51951900186928,28.133941352247437,28.546168584008772,0.0037647174933256385,0.002169663112064957,-0.24274081351213025,-0.3908772189760145
391,50,20,MAKESPAN,NOIDLE,28.51951900186928,28.133941352247437,28.546168584008772,0.0037647174933256385,0.002169663112064957,0.0868154342073909,-0.8140042452170799
392,50,20,MAKESPAN,NOIDLE,28.51951900186928,28.133941352247437,28.546168584008772,0.0037647174933256385,0.002169663112064957,0.3140424141915484,-0.47841850447491197
393,50,20,MAKESPAN,NOWAIT,28.51951900186928,28.133941352247437,28.546168584008772,0.0037647174933256385,0.002169663112064957,-0.754379993403095,-0.7688520226794496
394,50,20,MAKESPAN,NOWAIT,28.51951900186928,28.133941352247437,28.546168584008772,0.0037647174933256385,0.002169663112064957,-0.7180445557190039,-0.7515439663191674
395,50,20,MAKESPAN,PERM,28.51951900186928,28.133941352247437,28.546168584008772,0.0037647174933256385,0.002169663112064957,-0.03872294648734499,-0.515718140652567
396,50,20,MAKESPAN,PERM,28.51951900186928,28.133941352247437,28.546168584008772,0.0037647174933256385,0.002169663112064957,-0.673305450943035,-0.08114180383754271
